{
    "admiration": {
        "precision": 0.6699186991869919,
        "recall": 0.7601476014760148,
        "f1-score": 0.7121866897147796,
        "support": 542.0
    },
    "amusement": {
        "precision": 0.727979274611399,
        "recall": 0.8515151515151516,
        "f1-score": 0.7849162011173184,
        "support": 330.0
    },
    "anger": {
        "precision": 0.4329501915708812,
        "recall": 0.551219512195122,
        "f1-score": 0.48497854077253216,
        "support": 205.0
    },
    "annoyance": {
        "precision": 0.2983425414364641,
        "recall": 0.18620689655172415,
        "f1-score": 0.22929936305732485,
        "support": 290.0
    },
    "approval": {
        "precision": 0.38440111420612816,
        "recall": 0.368,
        "f1-score": 0.3760217983651226,
        "support": 375.0
    },
    "caring": {
        "precision": 0.375,
        "recall": 0.4846153846153846,
        "f1-score": 0.4228187919463087,
        "support": 130.0
    },
    "confusion": {
        "precision": 0.4965986394557823,
        "recall": 0.42441860465116277,
        "f1-score": 0.45768025078369906,
        "support": 172.0
    },
    "curiosity": {
        "precision": 0.4628099173553719,
        "recall": 0.60431654676259,
        "f1-score": 0.5241809672386896,
        "support": 278.0
    },
    "desire": {
        "precision": 0.640625,
        "recall": 0.5256410256410257,
        "f1-score": 0.5774647887323944,
        "support": 78.0
    },
    "disappointment": {
        "precision": 0.3258426966292135,
        "recall": 0.20422535211267606,
        "f1-score": 0.2510822510822511,
        "support": 142.0
    },
    "disapproval": {
        "precision": 0.3228915662650602,
        "recall": 0.4785714285714286,
        "f1-score": 0.3856115107913669,
        "support": 280.0
    },
    "disgust": {
        "precision": 0.5113636363636364,
        "recall": 0.45,
        "f1-score": 0.4787234042553192,
        "support": 100.0
    },
    "embarrassment": {
        "precision": 0.7931034482758621,
        "recall": 0.5609756097560976,
        "f1-score": 0.6571428571428571,
        "support": 41.0
    },
    "excitement": {
        "precision": 0.42105263157894735,
        "recall": 0.3137254901960784,
        "f1-score": 0.3595505617977528,
        "support": 102.0
    },
    "fear": {
        "precision": 0.8113207547169812,
        "recall": 0.5,
        "f1-score": 0.6187050359712231,
        "support": 86.0
    },
    "gratitude": {
        "precision": 0.9085872576177285,
        "recall": 0.8840970350404312,
        "f1-score": 0.8961748633879781,
        "support": 371.0
    },
    "grief": {
        "precision": 0.0,
        "recall": 0.0,
        "f1-score": 0.0,
        "support": 8.0
    },
    "joy": {
        "precision": 0.55,
        "recall": 0.5789473684210527,
        "f1-score": 0.5641025641025641,
        "support": 171.0
    },
    "love": {
        "precision": 0.7774193548387097,
        "recall": 0.8456140350877193,
        "f1-score": 0.8100840336134454,
        "support": 285.0
    },
    "nervousness": {
        "precision": 0.46153846153846156,
        "recall": 0.35294117647058826,
        "f1-score": 0.4,
        "support": 17.0
    },
    "neutral": {
        "precision": 0.6760843613211301,
        "recall": 0.6623781676413255,
        "f1-score": 0.6691610870421426,
        "support": 2565.0
    },
    "optimism": {
        "precision": 0.6713286713286714,
        "recall": 0.5581395348837209,
        "f1-score": 0.6095238095238096,
        "support": 172.0
    },
    "pride": {
        "precision": 0.3333333333333333,
        "recall": 0.1,
        "f1-score": 0.15384615384615385,
        "support": 10.0
    },
    "realization": {
        "precision": 0.5625,
        "recall": 0.15384615384615385,
        "f1-score": 0.24161073825503357,
        "support": 117.0
    },
    "relief": {
        "precision": 0.0,
        "recall": 0.0,
        "f1-score": 0.0,
        "support": 17.0
    },
    "remorse": {
        "precision": 0.6122448979591837,
        "recall": 0.8450704225352113,
        "f1-score": 0.7100591715976331,
        "support": 71.0
    },
    "sadness": {
        "precision": 0.5540540540540541,
        "recall": 0.5030674846625767,
        "f1-score": 0.5273311897106109,
        "support": 163.0
    },
    "surprise": {
        "precision": 0.5688622754491018,
        "recall": 0.6597222222222222,
        "f1-score": 0.6109324758842444,
        "support": 144.0
    },
    "accuracy": 0.6023134122831176,
    "macro avg": {
        "precision": 0.5125054563961818,
        "recall": 0.47883579303055207,
        "f1-score": 0.48261389641901975,
        "support": 7262.0
    },
    "weighted avg": {
        "precision": 0.6008835076974202,
        "recall": 0.6023134122831176,
        "f1-score": 0.595804330387673,
        "support": 7262.0
    }
}